{"assets/.DS_Store":["assets/.DS_Store"],"assets/Appicon.png":["assets/Appicon.png"],"assets/Drawer/aboutus.png":["assets/Drawer/aboutus.png"],"assets/Drawer/advertise.png":["assets/Drawer/advertise.png"],"assets/Drawer/allcategories.png":["assets/Drawer/allcategories.png"],"assets/Drawer/contactus.png":["assets/Drawer/contactus.png"],"assets/Drawer/delivery.png":["assets/Drawer/delivery.png"],"assets/Drawer/knowmore.png":["assets/Drawer/knowmore.png"],"assets/Drawer/logout.png":["assets/Drawer/logout.png"],"assets/Drawer/orderhistory.png":["assets/Drawer/orderhistory.png"],"assets/Drawer/privacy.png":["assets/Drawer/privacy.png"],"assets/Drawer/rate.png":["assets/Drawer/rate.png"],"assets/Drawer/rx.png":["assets/Drawer/rx.png"],"assets/Drawer/salesman.png":["assets/Drawer/salesman.png"],"assets/Drawer/share.png":["assets/Drawer/share.png"],"assets/Drawer/shopping.png":["assets/Drawer/shopping.png"],"assets/Drawer/terms.png":["assets/Drawer/terms.png"],"assets/Drawer/wishlist.png":["assets/Drawer/wishlist.png"],"assets/Drawer/youraccount.png":["assets/Drawer/youraccount.png"],"assets/Login/companylogo.png":["assets/Login/companylogo.png"],"assets/Login/fmc_logo.png":["assets/Login/fmc_logo.png"],"assets/Login/logo.png":["assets/Login/logo.png"],"assets/Login/oldlogo.png":["assets/Login/oldlogo.png"],"assets/No-Connection.png":["assets/No-Connection.png"],"assets/aboutus.jpeg":["assets/aboutus.jpeg"],"assets/arabic.png":["assets/arabic.png"],"assets/attachment.gif":["assets/attachment.gif"],"assets/avtar.png":["assets/avtar.png"],"assets/az.png":["assets/az.png"],"assets/cart.png":["assets/cart.png"],"assets/cover.jpeg":["assets/cover.jpeg"],"assets/cover.jpg":["assets/cover.jpg"],"assets/credit_card.png":["assets/credit_card.png"],"assets/debit_card.png":["assets/debit_card.png"],"assets/delivery-man.png":["assets/delivery-man.png"],"assets/empty-cart.png":["assets/empty-cart.png"],"assets/font.png":["assets/font.png"],"assets/gmail.png":["assets/gmail.png"],"assets/goldcoin.jpg":["assets/goldcoin.jpg"],"assets/goldcoin.png":["assets/goldcoin.png"],"assets/icons/add_to_cart.svg":["assets/icons/add_to_cart.svg"],"assets/icons/back.svg":["assets/icons/back.svg"],"assets/icons/bag_1.svg":["assets/icons/bag_1.svg"],"assets/icons/cart.svg":["assets/icons/cart.svg"],"assets/icons/heart.svg":["assets/icons/heart.svg"],"assets/icons/search.svg":["assets/icons/search.svg"],"assets/intro/illustration.png":["assets/intro/illustration.png"],"assets/intro/illustration2.png":["assets/intro/illustration2.png"],"assets/intro/illustration3.png":["assets/intro/illustration3.png"],"assets/intro/onboard1.png":["assets/intro/onboard1.png"],"assets/intro/onboard2.png":["assets/intro/onboard2.png"],"assets/intro/onboard3.png":["assets/intro/onboard3.png"],"assets/logo.png":["assets/logo.png","assets/Login/logo.png"],"assets/logoold.png":["assets/logoold.png"],"assets/map.jpeg":["assets/map.jpeg"],"assets/medicine.png":["assets/medicine.png"],"assets/medicineicon.png":["assets/medicineicon.png"],"assets/no-int.gif":["assets/no-int.gif"],"assets/noimage.jpeg":["assets/noimage.jpeg"],"assets/nointernet.gif":["assets/nointernet.gif"],"assets/noorderfound.png":["assets/noorderfound.png"],"assets/order_success.png":["assets/order_success.png"],"assets/payment-succesful.png":["assets/payment-succesful.png"],"assets/paypal.png":["assets/paypal.png"],"assets/refer-share.png":["assets/refer-share.png"],"assets/refer.jpg":["assets/refer.jpg"],"assets/refericon.png":["assets/refericon.png"],"assets/rzp.csv":["assets/rzp.csv"],"assets/sampleprescription1.jpeg":["assets/sampleprescription1.jpeg"],"assets/scope.png":["assets/scope.png"],"assets/share.jpeg":["assets/share.jpeg"],"assets/shield.png":["assets/shield.png"],"assets/splashScreenBackground.png":["assets/splashScreenBackground.png"],"assets/splashscreen2.png":["assets/splashscreen2.png"],"assets/starrating.jpg":["assets/starrating.jpg"],"assets/upload.png":["assets/upload.png"],"assets/watermark.png":["assets/watermark.png"],"assets/whatsapp.jpeg":["assets/whatsapp.jpeg"],"assets/wishlistimage.png":["assets/wishlistimage.png"],"assets/za.png":["assets/za.png"],"packages/cupertino_icons/assets/CupertinoIcons.ttf":["packages/cupertino_icons/assets/CupertinoIcons.ttf"],"packages/flutter_icons/fonts/AntDesign.ttf":["packages/flutter_icons/fonts/AntDesign.ttf"],"packages/flutter_icons/fonts/Entypo.ttf":["packages/flutter_icons/fonts/Entypo.ttf"],"packages/flutter_icons/fonts/EvilIcons.ttf":["packages/flutter_icons/fonts/EvilIcons.ttf"],"packages/flutter_icons/fonts/Feather.ttf":["packages/flutter_icons/fonts/Feather.ttf"],"packages/flutter_icons/fonts/FontAwesome.ttf":["packages/flutter_icons/fonts/FontAwesome.ttf"],"packages/flutter_icons/fonts/FontAwesome5_Brands.ttf":["packages/flutter_icons/fonts/FontAwesome5_Brands.ttf"],"packages/flutter_icons/fonts/FontAwesome5_Regular.ttf":["packages/flutter_icons/fonts/FontAwesome5_Regular.ttf"],"packages/flutter_icons/fonts/FontAwesome5_Solid.ttf":["packages/flutter_icons/fonts/FontAwesome5_Solid.ttf"],"packages/flutter_icons/fonts/Foundation.ttf":["packages/flutter_icons/fonts/Foundation.ttf"],"packages/flutter_icons/fonts/Ionicons.ttf":["packages/flutter_icons/fonts/Ionicons.ttf"],"packages/flutter_icons/fonts/MaterialCommunityIcons.ttf":["packages/flutter_icons/fonts/MaterialCommunityIcons.ttf"],"packages/flutter_icons/fonts/MaterialIcons.ttf":["packages/flutter_icons/fonts/MaterialIcons.ttf"],"packages/flutter_icons/fonts/Octicons.ttf":["packages/flutter_icons/fonts/Octicons.ttf"],"packages/flutter_icons/fonts/SimpleLineIcons.ttf":["packages/flutter_icons/fonts/SimpleLineIcons.ttf"],"packages/flutter_icons/fonts/Zocial.ttf":["packages/flutter_icons/fonts/Zocial.ttf"],"packages/flutter_icons/fonts/weathericons.ttf":["packages/flutter_icons/fonts/weathericons.ttf"],"packages/font_awesome_flutter/lib/fonts/fa-brands-400.ttf":["packages/font_awesome_flutter/lib/fonts/fa-brands-400.ttf"],"packages/font_awesome_flutter/lib/fonts/fa-regular-400.ttf":["packages/font_awesome_flutter/lib/fonts/fa-regular-400.ttf"],"packages/font_awesome_flutter/lib/fonts/fa-solid-900.ttf":["packages/font_awesome_flutter/lib/fonts/fa-solid-900.ttf"]}